"speaker","cleaned_text"
"teacher","can someone go student b go find student j tell him i"
"student","okay"
"teacher","okay twenty times six"
"multiple students","one hundred and twenty"
"teacher","then what do you do"
"student","six times nine"
"teacher","six times nine"
"student","equals 54"
"teacher","fifty four so our answer is"
"student","one hundred and seventy four"
"teacher","one hundred and seventy four 34 times 5 student j what steps do you use to solve 34 times 5"
"student","i inaudible"
"teacher","perfect we fixed it"
"student","five times"
"teacher","five times 30 equals can you shut that door student b student f can you help student j five times 30"
"student","one hundred and fifty"
"teacher","one hundred and fifty what s the next step"
"student","four times five"
"teacher","five times four equals 20 so our answer is"
"multiple students","one hundred seventy"
"teacher","one hundred seventy student m 30 times 26 30 times 10 300 30 times 10 again is"
"student","three hundred"
"teacher","three hundred 30 times 6 is 180 so 180 plus 300 plus 300 is seven hundred eighty i m sorry but i can t really hear those that are answering me 12 times 51 student r"
"student","12 times 50"
"teacher","12 times 51 do you know 12 times 50"
"student","yes"
"teacher","what is it"
"student","six hundred"
"teacher","six hundred"
"student","12 times 4 wait 12 times 1"
"teacher","12 times 1 is"
"student","twelve"
"teacher","so our answer is"
"student","six hundred twelve"
"teacher","six hundred twelve good job flip over your paper so you have a map i m sorry number seven 14 times"
"student","thirty two"
"teacher","14 times 32 how did you find it i don t know that for a fact how d you find it let s break up both of them 10 4 30 and 2 10 times 30 equals student g why are you talking right now okay we re up here 10 times 30 is"
"student","three hundred"
"teacher","10 times 2 is"
"student","twenty"
"teacher","4 times 30 is"
"student","eighty"
"student","no"
"teacher","one hundred twenty and four times two is"
"multiple students","eight"
"teacher","320 plus 200 what s our answer"
"multiple students","inaudible"
"teacher","oh that s right it s eight it s 120 i m thinking it s 80 there we go 448 good job student e excuse me that s not how we behave i realize it s after recess but you need to calm down you re looking at your map on the back of page 15 so it s page 16 and it should look like this who does not have a map take one leave one for student g does everyone have a map back here today we re going to continue to solve addition problems about car trips okay so here s the map this is part of the united states where the jones family lives what do you know about this part of the united states what part of the united states is this student b"
"student","the north"
"teacher","just the north"
"student","it s the part"
"teacher","what region"
"student","it s in the"
"teacher","student m no you need to control i don t want to hear oohs and ahs you re not a monkey here"
"student","it s a place where there s inaudible"
"teacher","so what part what region in the united states is this we studied regions those of you who did pennsylvania new jersey what region is it student m"
"student","east and"
"teacher","it s not new england"
"student","north eastern"
"teacher","it s the north eastern region of the united states what do you know about this part of the country what do you know about the north east what do you know or what are some things you notice on this map student b"
"student","the inaudible and created a box around places like virginia west virginia kentucky pennsylvania then inaudible"
"teacher","okay so student b is listing the parts of the country that they stopped in so they stopped in virginia they went through maryland and new jersey and pennsylvania and new york and ohio and kentucky they touched just a little to west virginia okay so they took a trip in your activity books i want you to take out page 17 please"
"student","what s that one"
"teacher","page 17 unit 5 page 17"
"student","rip it out"
"teacher","yes let s discuss some of these so when we went to auburn the jones family went to auburn which stop was closest to auburn yeah student j i m here in auburn the jones family is in auburn which region which stop on their trip was closest to auburn"
"student","what s auburn"
"teacher","look up here"
"student","new york"
"student","it s in new york"
"teacher","student a you re ripping out page 17 okay you don t wait until everyone else is done ripping it out to start with yours let s stay together page 17 i m here in auburn which stop is closest to auburn auburn is right here it s in new york what city did they stop in that s closest to auburn where the family stops are these black dots okay these black dots are the stops the bold lettering is the state and then the smaller lettering is the city or the attraction that they stopped to look at so if i m here in auburn see how it says auburn right there i m in auburn new york which city or attraction is closest to auburn new york student r"
"student","niagara falls"
"teacher","niagara falls is niagara falls to the north south east or west of auburn"
"student","west"
"teacher","to the west good job student r and i am in the western most stop which stop am i on so i followed the jones s path and i stopped all the way as far west as they went how far west what is the most western part"
"student","new york city"
"teacher","most to the west so this is their pattern"
"student","mammoth cave"
"teacher","mammoth cave if i am at mammoth cave and i travel east where am i stopping i m stopping at the same spot that the jones s stopped at where am i stopping student a"
"student","new york city"
"teacher","i m here and i m going east i m going to end up in new york city where am i going to end up"
"student","virginia beach"
"teacher","virginia beach good job if i am at virginia beach and i go north what am i going to run in to which city am i going to end up student m"
"student","philadelphia"
"teacher","philadelphia and which state is philadelphia in student k"
"student","pennsylvania"
"teacher","pennsylvania good job we re going to solve these addition problems that are on page 17 using excuse me the liberty bell is in philadelphia but that s not appropriate to what we re talking about right now you re going to use your map to solve these and you are going to work with your math partners when i call the partnership you re going to move student m and student k find a spot student s and student n you can just work where you are you re together student a and student m student a go move next to student m student e and student b student b will move right there with you student r and student g student j and student g student k and student m so student j stay where you are student k go next to student m student g and student r go right there and then student f and student b student f go over here student p go back and work with student k back with student k"
"student","inaudible"
"teacher","all right i m going to talk to him about that so you are going to solve these problems about the jones s family car trip show your solutions so someone else can understand how you solved the problem before you get started what are some ways you can show oh wait student a put the ruler away you re not using it you don t need it no away what are some ways you can show how you solved these problems what s one way student g so these are addition problems how are you going to show how you solved it"
"student","addition"
"teacher","shh how would you show them"
"student","inaudible"
"teacher","you are using addition so you re showing your steps put what s one way you can show people how to solve big addition problems what way have we been using for like the past two weeks student r"
"student","thousands chart"
"teacher","you can use your thousands chart that s very acceptable it s super acceptable you can use it to go down"
"student","multiplication"
"teacher","you can use multiplication but what else can you use it starts with a t student j"
"student","timeline"
"teacher","your timeline so you are working on questions one two and three and you will have 15 minutes to work with your partner quietly i want you to discuss it read the questions together"
"student","so five minutes each thing"
"teacher","okay so which one are you working on where are you what are we doing okay so let s read this together student m in the first week of their trip the jones family drove 427 from their home in ohio okay so where did they start put a little house there so you know where they started take this can you let student b get his math book get your math book you re going to go work on page 17 with student e okay so we started here they traveled 427 miles from their home in ohio to mammoth cave in kentucky so where are they going student m"
"student","mammoth cave"
"teacher","show me where did they start and where are they going"
"student","where are they even going"
"teacher","this is their vacation they re going on a vacation like this they start here and they re going here how long does it take them how many miles"
"student","four hundred twenty seven"
"teacher","four hundred twenty seven miles after their visit they drove 733 miles to virginia beach where are they going now"
"student","to virginia beach"
"teacher","okay so where is virginia beach okay so they went from here to here then they stopped here and went here how many miles did they drive all together how are you going to solve that what s the equation that you need to solve student m what s the equation that you need to solve"
"student","427 plus 733"
"teacher","427 plus 733 write that down sweetie 427 plus so now you need to figure out how are you going to solve that"
"student","1 250"
"teacher","how are you going to solve that"
"student","sixty it s 1 160"
"teacher","how are you going to show your work that s the game today how are you going to show your work that s why you re together you re going to work together and compare your answers you have one this is fine that s exactly what the question s asking you go sit down and raise your hand how many miles did they drive all together so they started here they drove from here they went to there how many miles did it take them to get there and the after they stopped there they drove here how many miles is this and that yes how many miles did they drive all together from virginia beach to new york city good job that i don t really understand what are you showing me with that"
"student","that s 190 plus 200 equals inaudible"
"teacher","this is all sorts of i can t see this so 270 is 200"
"student","no i broke it up in to 270"
"teacher","okay you either need to make this bigger and spread it out or do it on another piece of paper but that s a little keep going let me see how you do it you need to raise your hand please go back to your seat and raise your hand and who are you working with it s student s so you should be working with student n okay student t inaudible can you read what this is asking you this one do you know what it s asking you all right i want you to read it do this one with student n and do this one together just in case any of the words get crossed off"
"student","they went to philadelphia to see the liberty bell they drove to new york city which is 96 miles away"
"teacher","student r and student g okay student n your math is page 18 and 19 okay"
"student","18 and 19"
"teacher","18 and 19 you re working alone you can work with student j and student k do you know what to do for that one go work with student j and student k please student g i m sorry why are you out of your seat right now if you have a question you sit down and raise your hand when i looked up at you you were playing with your pencil and goofing off with student r and student g what is your question what is this question asking you read the question right here read this"
"student","inaudible to philadelphia"
"teacher","so where are they starting"
"student","virginia beach"
"teacher","and going to where here so do you need to add this all no student a what have you done where is your answer"
"student","do we have to do it twice"
"teacher","what do you mean"
"student","a second time"
"teacher","no just do it the one time that s fine you can do it twice go ahead what are you playing with now nothing you re doing this together can you read this with him because his is all broken off you have four more minutes and then you know what the rest of your homework is right okay so it s day one of your spelling abc order three times each your sketches and your charlotte s web"
"student","we got different answers"
"teacher","oh you got different answers so you might have to work it out together"
"student","do it three times"
"teacher","do you want to do it a third time and see which answer s the right answer"
"student","i got 1 530"
"teacher","here you go student n student f are you sure this answer s correct"
"student","yes"
"teacher","i want you to try it a different way so you did adding like this try a timeline"
"student","i did a timeline we did two different things and got the same answer"
"teacher","oh you got the same answers"
"student","yes"
"teacher","you checked them with each other"
"student","i did the timeline and she did the adding and i did the timeline again"
"teacher","and did you two come up with the same answers it s part of working together you ve got to figure it out together do you think this is an appropriate way to use your time you re not coloring right now what s your answer finished by show of hands thumbs up if you ve finished all three thumbs down if you re still working student r and student g you re finished so why are you two fooling around student g rip out page 17 and you can work with student m and student k are you solving it"
"student","we got different answers"
"teacher","all right and how are you going to solve this where are you starting so 427 plus 700 is"
"student","1 127"
"teacher","1 127 1 127 plus 30 is"
"student","1 000"
"student","1 537"
"teacher","from 1 127 you re only adding 30 you get to 1 527 so you re at 1 127 you re adding 30 what are you adding 30 to"
"student","this"
"teacher","yeah so what s your answer"
"student","1 527"
"teacher","if this is 500 you re adding 400 here how many are you adding"
"student","thirty"
"teacher","thirty so what s 20 plus 30"
"student","fifty"
"teacher","fifty so 1 157"
"student","plus three"
"teacher","1 157 plus three is"
"student","one hundred sixty"
"teacher","plus three"
"student","1 160"
"teacher","good job okay so number one can someone read for me in a nice booming voice number one student k read number one for us"
"student","inaudible jones family drove 427 miles inaudible"
"teacher","okay so where are we starting what city"
"student","ohio"
"teacher","akron is the city ohio and where are we driving to"
"student","mammoth cave"
"teacher","mammoth cave how far is mammoth cave from their city in ohio how far student b how far apart are they do you have page 17"
"student","four hundred and twenty seven"
"teacher","four hundred and twenty seven what"
"student","miles"
"teacher","okay they traveled 427 miles and then continue student k i m sorry i m sorry student k but this group these two groups right here are being extremely rude you re following along continue"
"student","inaudible 733 miles to virginia beach"
"teacher","okay so they re driving to virginia beach how far are they driving student s how far are they driving from mammoth cave to virginia beach seven hundred thirty three miles continue student k"
"student","how many miles did they drive all together"
"teacher","how many miles do they drive all together so what is the problem that we re trying to solve what is the mathematic equation that we re solving student a"
"student","huh"
"teacher","what are we trying to solve"
"student","four hundred twenty seven"
"teacher","427 plus 733 how are you going to solve this what steps did you take to solve this student m"
"student","i did 400 plus 69 inaudible"
"teacher","we re on number one the 427 plus 733"
"student","427 plus 700"
"teacher","you did oh so you did student r please stop with the noises it s distracting did you do a timeline how did you do it"
"student","i did"
"teacher","so you did 427 plus"
"student","inaudible"
"teacher","plus 700 equals"
"student","1 127"
"teacher","1 127 then what did you do"
"student","1 127 plus 33"
"teacher","1 127 plus 33 how many know 1 127 plus 33 just like that very quickly what s the answer student m"
"student","one hundred sixty"
"teacher","1 160 there s an easier way to solve this a way that you won t have any difficulties adding what is that way what can you do what numbers can you put together that are similar student j how did you do it"
"student","400 plus 700"
"teacher","400 plus 700 equals"
"student","1 100"
"teacher","1 100 then you did"
"student","20 plus 30"
"teacher","20 plus 30 and that equals"
"student","fifty"
"teacher","then what did you do"
"student","seven plus three is 10"
"teacher","and so what did you come what was your answer"
"student","1 160"
"teacher","so 1 100 plus 50 plus 10 equals 1 160 what did student j do that s different than what student m did"
"student","she split she broke"
"teacher","what did student j do that is different student m"
"student","inaudible"
"teacher","she added the hundreds then the tens then the ones student a which way is easier for you which way was easier for you"
"student","the top way"
"teacher","the top way but when you were adding what happened when you were doing it"
"student","i added 30 actually with 100"
"teacher","yeah student a he did plus 700 plus 30 plus 3 but he noticed that he added 300 instead of adding 30 so why would student j s way be helpful student e"
"student","because it s much neater"
"teacher","and what is she grouping"
"student","hundreds tens and"
"teacher","i m asking student e student g"
"student","sorry"
"teacher","what is she grouping is she grouping it by even numbers is she grouping it by odd numbers is she grouping it by place value how is she grouping it which numbers did she put together here at the top student j how is she grouping them on task please how did she group them how did student j do it so what are these these are the what place value is 400 and 700 what place value so if i had to put them in the"
"student","hundreds"
"teacher","hundreds good job so she put the hundreds together then she put the tens together then she put the ones together that way the mistake like student a made won t happen you won t be adding 300 instead of 30 so number two says what student g can you please read number two"
"student","number two inaudible"
"teacher","how far was it from virginia beach to philadelphia two hundred seventy what what s the label miles"
"student","inaudible after they got their they drove 96 miles"
"teacher","ninety six miles so what is the question asking you"
"student","how many miles did they drive all together"
"teacher","how many miles did they drive all together now you can do this one of two ways you can start with your 270 please stop student a you can start with your 270 and add 96 like student m did or you can group them if you did it like student m how would you solve this student k or either way tell me how you solve 270 plus 96"
"student","270 plus 6"
"teacher","270 you added six equals 276 276 plus 90 equals 366 how could you do it 366 what"
"student","miles"
"teacher","miles not miles per hour it s not saying how fast they re going it s saying how far they traveled the distance student g how would you solve this by separating it in to tens hundreds and ones student j you may go to the bathroom"
"student","by tens"
"teacher","by what"
"student","tens"
"teacher","how would you use multiplication we re adding here right here how would i separate can you separate 276 in to hundreds tens and ones for me"
"student","inaudible 200"
"teacher","270 and how many ones"
"student","zero"
"teacher","zero separate 96 in to hundreds tens and ones okay so you d have zero 90 and 6 what s 200 plus zero"
"student","200"
"teacher","what s 70 plus 90 i would like the two of you to change your numbers please i ve spoken to you way too many times go ahead and i m changing it again oh you ve already been changed twice student r what s 70 plus 90 student g"
"student","70 plus 90"
"teacher","do you have your thousands chart student a do you need a glass of water go down and get a sip of water from the nurse you ve been coughing so much today all right go down to the boy s bathroom"
"student","70 plus 90"
"teacher","70 plus 90"
"student","inaudible"
"teacher","so you re starting at 70 put your finger on 70 okay go down 10 brings you to 80 down 20 brings you to 90 down 10 more brings you to"
"student","100"
"teacher","100 okay so we ve done 30 now go 40 50 60 70 80 90 160 and what s zero plus 6"
"student","six"
"teacher","200 plus 160 plus 6 equals yes"
"student","do you have more charts can we borrow three more charts if you have extra ones"
"teacher","200 plus 160 plus 6 i m sorry two boys i just changed your numbers and yet you re talking student j it s not time to say hello to your friends here just take this pile 200 plus 160 plus 6 equals"
"student","276"
"teacher","thank you 200 plus 100 is 300 300 plus 60 is"
"multiple students","360"
"teacher","360 plus 6 is"
"multiple students","366"
"teacher","366 miles number three student m read number three for us"
"student","inaudible"
"teacher","i m sorry but student m s reading you re paying attention to this lesson i don t care who s outside the door okay the behavior and the movement and the distractions is a little too much today so how far is it from new york city to where was she going"
"student","inaudible"
"teacher","harriet tubman house in auburn"
"student","auburn new york"
"teacher","okay 259 miles then how far did they go"
"student","inaudible 138 more miles to see inaudible"
"teacher","and then"
"student","then it was time to go home which was 235 miles away from inaudible"
"teacher","in the third week how far did they travel so we re adding 259 plus 138 plus 235 which way do you think will be easier adding the tens ones and hundreds or starting at 259 going 138 going 235 more student s"
"student","inaudible"
"teacher","all right so student s how are you going to separate it"
"student","inaudible"
"teacher","200 plus 100 plus 200 equals student s equals 500 so student s did the hundreds student r do the tens 50 plus 30 plus 30 is"
"student","110"
"teacher","110 because 30 plus 30 is 60 60 plus 50 is 110 and then the ones ones"
"student","nine plus eight plus five"
"teacher","nine plus eight plus five equals"
"student","22"
"teacher","22 oops sorry 500 plus 110 plus 22 equals student e"
"student","inaudible"
"teacher","can you answer us 500 plus 110 equals"
"student","632"
"teacher","632 good job miles so now i want to see if you can tell me which student e you can go to the bathroom which week was the shortest amount of travel student k week two 366 miles what was the longest week"
"student","week three"
"teacher","week one 1 160"
"student","oh yeah"
"teacher","so what was in the middle"
"student","week three"
"teacher","week three was 632 miles"
"student","now you add them all up"
"teacher","could you tell me how far they traveled in their entire trip see if you can get it it s kind of like extra credit you get a ticket for this"
"student","could we do it in our math notebook"
"teacher","in your math notebook that s fine actually we re running out of time so what we can do for homework tonight you can tell me excuse me this is extra credit how far did the jones family travel in their entire trip yes for extra credit"
"teacher","here we are"
"student","always waiting for you"
"teacher","can you sit student m so yesterday and monday we started our new unit and what is our new unit on student f"
"student","6"
"teacher","it s on 6"
"student","wait it s on fractions"
"teacher","fractions we re learning about fractions so we have been looking at these rectangles these rectangles have 20 i need to do it how what are the dimensions of these squares what s the dimension of these rectangles dimensions student m"
"student","4 6"
"teacher","4 by 6 so if we have a square that is 4 by 6 how many total you have a rectangle that s 4 by 6 how many total units are inside student k"
"student","24"
"teacher","we have 24 so we have been breaking up these areas into halves fourths thirds sixths and eighths we ve been finding"
"student","and wholes"
"teacher","when breaking them up into pieces we re going to take that same information that you know from here and use it by finding fractions of a group of things"
"student","what s a group"
"teacher","a group is just anything it can be a number of books it can be the states it can be the number of shirts you have shoes you have oranges apples a group of things i ll wait i ll wait so today s first problem i m going to send you back with your partners you re going to have five minutes actually student k can you get the egg timer for me"
"student","it came off"
"teacher","you re going to have five minutes seven i ll give you seven to work with a partner on this then you re gonna come back we re gonna discuss this and today you re gonna work bring it on up student a you re gonna work on your unit page 6 and 7 so that s the back side of your homework so if you didn t bring in your homework or you can t find your homework you re gonna work with it with your partner so you can just write down the answers in your math notebook so i have a crate of 24 oranges pretend this box is 24 oranges inaudible one fourth of the oranges go to mr f"
"student","who s mr f"
"teacher","just it s a person goes to mr f the rest of the oranges go to miss l there are three questions i m asking you about this now you can use"
"student","this"
"teacher","this paper or you can use your cubes but i need you to tell me and you re gonna write this in your math notebooks so once you get your partner you re gonna work with this in your math notebook who is student k s math partner"
"student","bryan"
"student","i am"
"student","inaudible"
"teacher","student a s right there who s not bryan who s student k s math partner"
"student","i am"
"student","bryan used to be"
"teacher","it s you so then student m you re gonna work with i m gonna pick who is in student r who s your partner"
"student","student g"
"teacher","student g can you work with student g and student r today beautiful"
"student","i guess so"
"teacher","oh wait so you need to tell me what fraction of oranges miss l will get if mr f gets one fourth what fraction will miss l get then you need to find how many oranges will mr f get and how many oranges will miss l get i m giving you the option you can take 24 cubes and pretend that they re your 24 oranges or you can use these rectangles but you have to show your work you can t just come up with an answer of say 20 and that be right i m not gonna accept that i m gonna call up partners to get their supply so student s who is your partner"
"student","student y"
"teacher","student s and student y you can get your either cubes or paper and get your notebooks come on go go go go who is student e who s your partner student b get your things student r you need to back up sweetie student r student g and student m you can get yours get a whole handful if you need more there you go perfect student b your partner get it student k your partner get them student j your partner get them and student k get yours student m who s your partner student a get your things where did i put student k you gave me oh right here seven minutes when the buzzer goes off i want you to come back to the rug you need your notebooks student j student m already had those if you don t have a clipboard your group cannot work on the rug that s the rule"
"student","inaudible"
"teacher","yep student j you have to work somewhere else sweetie all done"
"student","inaudible"
"teacher","it s gonna have to be cause i want you to work on your math get your math notebook and find your group student k who s your partner"
"student","inaudible"
"teacher","who"
"student","student m"
"teacher","this group come over here then separate i want you guys to work with your partners"
"student","inaudible to get more"
"teacher","then get more sweetie pie who s your partner you need to go work over there with student m you need your notebook where s your notebooks get them out boys this table is so empty and so lovely"
"student","inaudible"
"teacher","you can sit over there student g do you know who your partners are you need your math notebook where is it is it still at dad s just use a piece of paper student j your whole group doesn t have a clipboard so you cannot use the rug by this point it s been two minutes and you shouldn t have to get any more blocks you re answering this question in your math notebook we ll get to that later student j"
"student","inaudible"
"teacher","what to the bathroom go ahead what"
"student","inaudible"
"teacher","no you don t have to write the question down so what fraction does mr f get"
"student","one fourth"
"teacher","mr f gets one fourth you have to split that up into how many groups"
"student","it would be 4"
"teacher","hmm"
"student","inaudible would be fourths"
"teacher","split it into fourths"
"student","do you have to"
"teacher","well you have to tell me how do you figure out mr f s where s that s half and half does mr f get half of them"
"multiple students","yes"
"teacher","what does it say on the board"
"student","miss l has one fourth"
"teacher","so mr f now once you have it into fourths that s the way it is so that one fourth is mr f so now you need to the first question is what fraction of oranges does miss l get i m giving all of my oranges away"
"student","one fourth"
"teacher","so mr f has one fourth i m giving them all away how many does miss l get"
"student","one fourth"
"teacher","one fourth that s it what about these 2"
"student","one third"
"student","one half inaudible"
"teacher","color in miss l s oranges i m giving away all my oranges"
"student","miss l will get four thirds"
"teacher","color them in color all miss l s pieces"
"student","inaudible"
"teacher","so mr f gets this one fourth i have to give them all away i don t like oranges i don t want oranges so i m giving them all away to miss l and mr f mr f gets this many what does miss l get and now what fraction is that"
"student","four thirds"
"teacher","not four thirds cause remember the denominator s the number of pieces you have"
"student","inaudible thirds"
"teacher","you two talk about it you two talk about it"
"student","you had three fourths"
"teacher","the denominator s the number of pieces"
"student","oh yeah"
"teacher","student j you need to turn around i don t like what i m seeing we now have less than two minutes i m gonna have you two come up with an answer"
"student","inaudible"
"teacher","where is it"
"student","inaudible"
"teacher","well it s not on the paper how are you gonna do this guys just answer the next questions student j is this gonna help you by lining them all up in one row i m not very pleased with this group right now"
"student","one fourth what d you get one fourth or inaudible"
"teacher","so how many does miss l get what s the fraction"
"student","five fourths"
"teacher","she gets 5 out of the 4 how many groups are there it s broken up into how many groups"
"student","it s 4 inaudible"
"teacher","it s in 4s so it s broken up into 4 1 2 3 4 mr f gets how many of that group"
"student","this"
"teacher","one fourth so he gets this many what s one fourth"
"student","inaudible"
"teacher","so then what does miss l get"
"student","inaudible"
"teacher","can i have that please"
"student","three fourths"
"teacher","there you go why"
"student","cause there s 3 inaudible"
"teacher","i m giving you an extra two minutes student e i ll be right over there"
"student","cause there s 3 rows of 4"
"teacher","there you go so she gets three fourths not five fourths remember your denominator is the number of groups and your numerator the top number is how many the person gets let me see what did you write down for inaudible"
"student","inaudible"
"teacher","that doesn t answer number 1 that doesn t answer number 2 and that doesn t answer 3 you just have circles there guys number 1 asks what fraction student m what fraction of the oranges does miss l get 8 isn t a fraction"
"student","what does 8 inaudible"
"teacher","you guys don t have cubes and you don t have your squares so you can t even show me"
"student","i told him inaudible he doesn t understand he doesn t go over there"
"student","i said go get the paper not the cubes"
"teacher","well you need something to show me how to do it"
"student","you need a fraction what kind of fraction"
"student","4 and then this one fourth inaudible"
"teacher","good job now did you and your partner work that out together"
"student","inaudible"
"teacher","good"
"student","so what are we doing"
"teacher","just wait 30 seconds"
"student","there s a big difference between 6 4 and 3 because inaudible divided in 4 pieces inaudible"
"student","there s only 2 pieces inaudible"
"teacher","yeah but i m not keeping any i m giving them all away is that half bring your notebooks and leave your cubes where they are leave them i want you all around in a circle so you can see right here"
"student","yeah circle"
"student","do we have to sit with our partner"
"teacher","around in a circle please it should not take this long the two groups that are not here need to come to the rug"
"student","do we got to be with our partner"
"student","i m sitting here"
"teacher","back up brandon please"
"student","i want to sit here"
"teacher","so i have 24 sit right there sweetie i have 24 oranges i m giving mr i ll wait here are my 24 oranges i m giving mr f one fourth i need to answer what fraction student m can you just move away from that please i don t want you touching it"
"student","inaudible"
"teacher","just sit right there just move up that s all on your bottom you re not wearing a dress so you can sit like that mr f gets one fourth miss l gets the rest what fraction does miss l get what do i need to do with my 24 oranges"
"student","inaudible"
"teacher","raise your hands only student f knows what i need to do this group seems like they ve been working really well together other groups i can tell haven t been student m what do i need to do"
"student","split it into 4 groups"
"teacher","i need to split them into 4 groups 1 2 3 4 so this goes in group 1 group 2 group 3 i have my 24 so what fraction does mr f get"
"student","one fourth"
"teacher","student m"
"student","three fourths"
"teacher","mr f"
"student","one fourth"
"teacher","one fourth goes to mr f so then what fraction does miss l get student g"
"student","inaudible"
"teacher","no what fraction"
"student","three fourths"
"teacher","three fourths we have 4 groups 4 groups in total if mr f gets one fourth miss l must get three fourths there are 4 groups if this is mr f then that s miss l s miss l s miss l s now if mr f has one fourth how many oranges does mr f have student g mr f has one fourth this is mr f s pile in north dakota miss l s are in here in wyoming how many does mr f have"
"student","6"
"teacher","6 yeah one fourth of 24 is 6 how many oranges then does miss l get student y"
"student","18"
"teacher","18"
"student","inaudible"
"teacher","three fourths of 24 is"
"student","18"
"teacher","18 18 oranges remember your labels now how many of you used the paper to find your answer raise your hand how many of you used cubes to find your answer so this is how we use cubes how did you do it student j when you used the paper what did you do on the paper"
"student","split it into 4 groups"
"teacher","student j split his square into 4 equal groups just like this can everyone see you can also split the 4 groups like this this is the way student k and student m split them like this and then what did you do student j"
"student","inaudible"
"teacher","student g can you shut that door it s too noisy out there so you took one box and you put what in there"
"student","inaudible"
"teacher","the f for mr f because one out of 4 squares student j said this for mr f then what did you do student j"
"student","inaudible"
"teacher","so this brown box is for mr f that s 1 out of 4 if you did it this way that s 1 out of 4 so we re using up all of our oranges and each box represents an orange so then what did you do student j for miss l s again just so everyone can hear it"
"student","i put the l"
"teacher","so you put the l i m gonna color it in black so how many what fraction is miss l s student j"
"student","three fourths"
"teacher","three fourths"
"student","inaudible"
"teacher","three fourths because you have three shaded in out of the 4 equal groups 6 6 6 6 6 6 6 6 when you do fractions all of your groups the number of groups in the denominator has to be of equal sides you can t have one group have 4 the next group have 7 the next group have 3 and then the next group they all have to be equal so then student a to figure out how many mr f has what do i need to do so i know mr f has one fourth which is this brown box or this brown one what do i need to do to see how many oranges mr f has student a i colored them in here what do i do next i wanna know how many oranges are in one fourth of 24 what do i need to do student j what do i need to do"
"student","inaudible"
"teacher","i need to count the squares inside the little box and we ve been working with one fourth so how many squares are inside mr f s one fourth student k"
"student","4"
"teacher","4 sorry not 4 6 one fourth of 24 is 6 so if i have this 1 2 3 4 5 6 1 2 3 4 5 6 one fourth one fourth how then student b do i figure out how many miss l gets"
"student","miss l gets you could figure it out by doing like 6 times 3 it equals 18"
"teacher","why did you do 6 times 3"
"student","because 3 is like the fraction that miss l inaudible three fourths of 6 inaudible and i know 6 times 3 equals 18"
"teacher","so what you re saying is one fourth has 6 and you said dimension so you meant across here is 6 and there are 4 rows of 6 so if he knows that 6 are one row he s just trying to find out 3 rows so 6 times 3 is 18 does everyone understand this"
"multiple students","yeah"
"teacher","are there any questions thumbs down if you need me to or someone to explain it again either you weren t paying attention or you didn t quite understand it or you still don t it just doesn t make sense fractions when i was your age did not make sense i needed people to explain it to me over and over and over again no one then let s look at number 1 on page 6 together if you don t have it your neighbor might have it so just look on someone near you can someone read number 1 for us look on with student m student m has i think student m you don t have it"
"student","no"
"teacher","then read it student f"
"student","student e had 24 marbles he gives two eighths of his collection to his sister student r how many marbles does student r get"
"teacher","so student e has 24 marbles so your 24 cubes will work for these problems 24 will work he gives two eighths to student r two eighths go to student r how do you need to split up your cubes or your rectangle into how many groups how many equal groups two eighths how many equal groups do you need to make student m"
"student","8"
"teacher","8"
"student","inaudible"
"teacher","so you need why student m do you need to make 8 total groups what told you that"
"student","inaudible"
"teacher","why did you need to make 8 groups 8 groups is right 8 total groups is correct"
"student","inaudible it says that"
"teacher","what does it say i know you know it"
"student","inaudible"
"teacher","can someone help student m he was correct he said you need 8 equal groups why do you need 8 equal groups to start student r"
"student","because 8 times 3 squares is 24"
"teacher","no"
"student","because 8 is how many groups there are"
"teacher","how do you know that"
"student","because it said two eighths so it must be 8 groups of something inaudible"
"teacher","and what is that word what is that mathematical word for what 8 is 8 is the"
"student","inaudible"
"teacher","8 is the"
"student","dimension"
"student","numerator"
"student","denominator"
"teacher","denominator denominator is the bottom"
"student","inaudible"
"teacher","and your numerator is the top your denominator is the number of groups you have in total that are equal what is your numerator"
"student","the top number"
"teacher","what is it s the top number and what does the top number tell you student j"
"student","how many inaudible from the groups inaudible"
"teacher","how many groups you re going to get so when we re doing this what do i need to do here so my denominator is the number of pieces i ve made i ve made 8 pieces what s the numerator"
"student","inaudible"
"teacher","there s not too many if i put student e can you make 8groups with 2 in each of all of these make 8 groups with 2 in each"
"student","inaudible"
"teacher","student a your eyes need to be over here"
"student","that s a group"
"teacher","so there s one group nope with 2 in each you were doing it proper so there s 1 group 2 groups 3 groups"
"student","one here"
"teacher","4 5 6 7 8 did i use all of them"
"multiple students","no"
"teacher","no so does the numerator tell me how many are in each group"
"student","no"
"teacher","no what does the numerator tell me to do here student m"
"student","inaudible"
"teacher","we know that we have 8 total groups and student r is getting two eighths student f"
"student","it tells you like how much someone s getting like how much of what number they re getting"
"teacher","so how much of the total thing she s getting so what do i need to do here student r"
"student","take out 2 groups you need 2 groups"
"teacher","i need to color in 2 groups"
"student","i would do the same like 2 inaudible"
"teacher","and so if i m making 8 groups and i m giving student r two of those 8 groups all you need to do is do what to see how many she s getting"
"student","count"
"teacher","we just need to count so let s make 8 groups so here we have 8 groups correct"
"multiple students","yeah"
"teacher","and i have this many to hand out so i ve given out my 24 student r gets two eighths can someone take out student r s share what s student r s share student g take it out"
"student","take it out equal to one eighth"
"teacher","so that s one eighth two eighths so now student s how many what is it marbles marbles does student r get 6 so when you go back to your seats with your partner you re going to do page 6 and page 7 remember your denominator is what it s the bottom number and what does that bottom number tell you"
"student","how many groups"
"teacher","how many equal groups to make cause i can make 8 groups but i can put this many there but that s not eighths equal groups and then your numerator your top number tells you what student e"
"student","the total"
"teacher","not the total"
"student","the"
"teacher","student j"
"student","how much is colored"
"teacher","how much is either colored in or taken away so if i have two eighths there how many does student e get to keep what fraction does student e get to keep if two eighths are student r s"
"student","six eighths"
"teacher","six eighths he keeps if she takes if student r takes 6 and student e has 24 how many does he keep"
"student","two eighths"
"teacher","how many does he keep if he gave his sister 6 how many does he get to keep"
"student","4 4"
"student","five eighths"
"student","six eighths"
"teacher","we said it s six eighths how many marbles is that"
"student","6 9 12 15"
"teacher","student m"
"student","i say it s 18"
"teacher","18"
"student","inaudible"
"teacher","does that seem familiar to anyone"
"student","6 times 3 five eighths inaudible"
"teacher","so back to your seats i want you to do it with the cubes and with your rectangle paper so if you don t have rectangle paper take one"
"student","inaudible"
"teacher","those are yours just working with your math partner but you need your worksheets"
"student","do you need one inaudible"
"teacher","no you each need one you might have two student b"
"student","inaudible anyway"
"teacher","student g you re working with student j"
"student","oh yeah"
"teacher","do you have these"
"student","do you have an eraser"
"teacher","what happened to the eraser that was just on your pencil during reading here you go student j"
"student","just use it"
"teacher","student g over here inaudible"
"student","anybody sitting here"
"teacher","yeah you can stay there with your group student m this is yours you have ten minutes"
"student","do we have to rip out these sets"
"teacher","no student g you re working with your group you can work with your group with your partner"
"student","where s student k student k went to the bathroom"
"teacher","no student k s right there sweetie"
"student","inaudible you don t have"
"teacher","there s a clipboard right there you re working with your partner"
"student","on page 6"
"teacher","page 6 it s the back side of your homework well you need to show me you need to show me cause that s not student r gets 6 marbles show me show me"
"student","do we have to do 7 too"
"teacher","but do 6 first before you rip out 7"
"student","inaudible"
"teacher","please you shouldn t need to pick up a chair to sit in it keep all legs on the floor please"
"student","inaudible"
"teacher","no you re it s here why don t you keep it during your math lesson and can give it back to me at the end of the day so we did number 1 together so student r has 24 toy cars she gives three you can sit she gives three fourths she gives three fourths of her car collection to student e how many car toys does student e get wow three fourths show me how you re gonna split this up how many groups are you going to have"
"student","4"
"teacher","how do you know 4 groups why"
"student","inaudible"
"teacher","because the denominator says so you have 4 groups now she s giving student e how many of those 4 groups"
"student","3"
"teacher","3 so show me how many she s giving student e yeah inaudible so how many toy cars does student e get"
"student","1"
"teacher","he only gets 1 car 4 equal groups is what student j just told me 4 equal groups so i m making my 4 equal groups inaudible she gives three fourths of her collection to student e student g show me which ones she s giving to student e no three fourths here s one fourth two fourths one fourth one fourth one fourth three fourths put them together those are student e s how many is student e getting"
"student","18"
"teacher","2 4 6 8 10 12 14 16"
"student","18"
"teacher","18 three fourths of 24 is"
"student","18"
"teacher","18 now go onto number 3 it s on page 7 we just did this one as a class someone show me eighths show me eighths"
"student","eighths here"
"teacher","eighths either way show me eighths and 8 is 8 equal groups 8 equal groups perfect show me two eighths how many marbles is that"
"student","it s 6"
"teacher","6 marbles how d you get 16 you don t multiply these two numbers together 1 2 3 4 5 6 7 you don t have enough"
"student","inaudible"
"teacher","you need three more"
"student","inaudible seven"
"teacher","it s okay don t worry about it do you have 24 there"
"student","no"
"teacher","there s 28 eighths you always have to make the number of groups first"
"student","i know we re supposed to have 24"
"teacher","yeah you had 24 you had 21 now 2 out of those 8 show me where 2 are those are for student r how many does student r have"
"student","she has 6"
"teacher","6 show me eighths on this paper show me 8 equal groups"
"student","inaudible"
"teacher","cut it in half cut those in half one more time how many groups do you have"
"student","4"
"teacher","4 you need to cut those in half again so your line is here and here how are you gonna cut them in half again is that what you re doing for number 3 everyone should be on number 3 by now help her how does she make eighths how does she make 8 equal groups"
"student","those are supposed to be 2 in each group"
"teacher","no why do you say 2 in each group this number is not how many are in each group"
"student","so there needs to be 3"
"teacher","this number once you make your 8 equal groups student y how many are in each group"
"student","3"
"teacher","3 this number up top your numerator is how many groups you color in is that 8 equal groups you have 1 2 3 4 5 6 groups awesome so now i m to color in 2 groups you guys can work together you re partners how many does student r get"
"student","6"
"teacher","6 so now student r has a collection of 24 toy cars here s her 24 again she give three fourths of her collection to student e how many groups do you need to make student y how many groups do you need to make"
"student","4"
"teacher","4 groups cause that s your denominator so there s 4 groups but you still got these guys left you got to split those up how many is she giving to student e how many groups"
"student","3"
"teacher","3 groups so she s giving 1 2 3 groups to student e how many is student e getting"
"student","inaudible"
"teacher","do you get it now"
"student","yeah"
"teacher","your numerator isn t the number in each group it s the number of groups you color in"
"student","can i go to the bathroom"
"teacher","yes go ahead much much better but this one you need to break it up into how many groups"
"student","inaudible"
"teacher","student r can you stop that 8 groups 1 2 3 4 5 6 7 8 how many of those groups does she give does he give to student r"
"student","2"
"teacher","2 so how many does student r get"
"student","18"
"teacher","two eighths"
"student","three fourths"
"teacher","that s how many he keeps how many does he give"
"student","two eighths"
"teacher","two eighths which is how many"
"student","6"
"teacher","6 there we go we need to end a little bit early today so i would like for you to come join me on the rug leave your cubes where they are not right now we need to finish this just bring your notebook and your papers leave the cubes you don t have to sit in a circle student m that chair is broken student j sit up i will wait i m not very pleased student m can you see the board come on this side of the camera please don t sit in that chair it is broken again i don t want you sitting around the camera we re not sitting in a circle right now fill in the middle so you can see student a you can t see the board i ll wait again so let s look at number 2 someone please read number 2 student j nice and loud"
"student","inaudible she give three fourths of her collection inaudible how many toy cars does student e get"
"teacher","so how many toy cars does student r start with"
"student","24"
"teacher","24 how many toy cars does student r give to student e"
"student","three fourths"
"teacher","student s how many does she give to student e what fraction does she give to student e"
"student","three fourths"
"teacher","three fourths so if i have three fourths student g how many groups do i need to split it up into"
"student","4"
"teacher","4 4 equal groups how many are in each group to make it equal student a if i were to split this into 4 equal groups how many are going to be in each group"
"student","6"
"teacher","how can i make it into 2 equal groups what can i do student a"
"student","do the middle"
"teacher","do the middle so that it s 12 and 12 but i want 4 equal groups"
"student","draw a line in the center"
"teacher","in the center just this is a horizontal line so now i have 6 6 6 and 6 do i have 4 equal groups student m"
"student","mm hmm"
"teacher","so i have my 4 groups what s my next step student y"
"student","color in 3"
"teacher","now student y says i need to color in 3 of the 4 groups is she right student j"
"student","yes"
"teacher","why why is she right what tells you that we need to color in 3 of them"
"student","inaudible"
"teacher","why do you know to color in 3 this might seem like a really babyish simple answer you re like obviously i need to color in 3 but what is telling you to color in 3"
"student","the top number"
"teacher","the top number what is the top number called this top number is the"
"student","numerator"
"teacher","numerator numerator everyone say that numerator"
"multiple students","numerator"
"teacher","the numerator is the number of groups that you color in this number is the number of total groups what is this number called the bottom number is the"
"multiple students","denominator"
"teacher","denominator so if the denominator is 4 i have 4 equal groups if the numerator is 3 i color in 3 groups so how many toy cars put that down please how many toy cars student s does student e get"
"student","18"
"teacher","18 18 cars how did you get 18 cars student s how did you get 18 cars"
"student","inaudible 3 groups of 6"
"teacher","so you have 3 groups of 6 so i have 6 here 6 here 6 here 6 plus 6 plus 6 is 18 or 6 times 3 boys equals 18 how many of you got 18 as an answer what we need to take out of this lesson that s very very important student j is what the denominator is and what the numerator is so i m gonna write this fraction what is my numerator which number is my numerator student a"
"student","4"
"teacher","the 4 is my numerator what is my denominator student e"
"student","3"
"student","the bottom"
"teacher","the bottom so the 6 my denominator if my denominator is 6 boys please student b and my numerator is 4 how many groups do i need to make"
"student","you need to make 4 groups of 6"
"teacher","no you need to be paying attention to this if i have 24 and i want to see four sixths how many groups do i need to split it up into student m"
"student","you need to make 6 groups"
"teacher","i need to make 6 groups why do i need to make 6 groups student g"
"student","because the denominator is inaudible"
"teacher","the denominator is 6 the 6 is the denominator is the total number of groups how many groups do i color in then student j"
"student","4"
"teacher","i color in 4 why do i color in 4 groups why do i color in 4 you were totally right why what told you to color in 4"
"student","the numerator the 4 the top number is 4"
"teacher","the top number is 4 this is your numerator this is the number you color in does anyone have number 3 out"
"student","i do"
"teacher","student j you do"
"student","yeah"
"teacher","can you read it to me"
"student","teacher s class has 24 students two thirds of her students have brown hair the rest have blond hair how many students have blond hair inaudible brown hair"
"teacher","two thirds of her students have brown hair the rest of the students have blond hair how many students have brown hair well if i have my 24 how many groups do i need to split this up into student k"
"student","3"
"teacher","3 why 3"
"student","because the bottom number inaudible"
"teacher","the bottom number is the number of equal groups you need to split up how many are in each group when you have two when you have one third how many are in one third student a 8 there are 8 in one third so you have 8 8 and 8 how many am i gonna color in student a"
"student","8"
"teacher","how many groups"
"student","8 2 2"
"teacher","2 groups why 2 groups student a i love that you corrected yourself why 2 groups"
"student","inaudible numerator"
"teacher","because it s the numerator that s how many groups you color in so i colored in 2 groups so now how many students have brown hair student m"
"student","6"
"teacher","brown hair brown hair"
"student","16"
"teacher","16 8 plus 8 equals 16 students"
"student","say 8 times 2"
"teacher","now if two thirds have brown hair student j if two thirds have brown hair what fraction have blond hair student m"
"student","one third"
"teacher","one third this is brown brown blond blond hair one third how many students have blond hair student f"
"student","a third"
"teacher","the fraction is one eighth how many students have blond hair"
"student","seven eighths"
"teacher","i mean not one eighth i m sorry one third have blond hair i knew that didn t make sense one third have blond hair how many have blond hair"
"student","inaudible"
"teacher","this group of students has blond hair because student m said one third have blond hair so how many students have blond hair"
"student","8"
"teacher","8 students 8 students have blond hair we ll finish what is number did we answer a and b"
"student","yeah"
"teacher","yes we do number 4 number 4 student b"
"student","inaudible mrs p has 24 pieces of fruit inaudible a half of oranges one fourth are mangos and two eighths are pineapple"
"teacher","one fourth are what"
"student","mangos"
"teacher","mangos"
"student","two eighths of pineapple"
"teacher","two eighths are pineapples"
"student","inaudible"
"teacher","so the question is how many are oranges half are oranges how many is half of 24 student a where do i draw my line for half we re doing this one right down the middle student j if i m doing right down middle and half are oranges how many are oranges these are my oranges and then i have 12 if i do one fourth where do i draw my line student m"
"student","in the first group of 4 so the line the first line"
"teacher","so right here"
"student","no no the first line going downwards"
"teacher","downwards but that would be is that one fourth"
"student","i m talking about the first group like the first group"
"teacher","come over here and show me"
"student","inaudible first in math"
"teacher","not right now we re still in the middle of our math lesson i ve already answered you once and you re not gonna play first in math when you don t pay attention during my math lesson it s not how it goes first in math is a reward i m not gonna reward you for bad behavior what do you mean student m sorry but that group right there that s right go sit over there this group right here is that one fourth"
"student","mm mmm"
"teacher","no because if you did 1 2 3 4 5 6 of those"
"teacher","okay so we have been working with mostly these larger numbers and so today we are going to aim to solve this final problem 13 x 8 how we re going to do that is we re going to work in clusters so clusters are a few sets of number equations that are related but they re not really related to each other because is 3 x 8 related to 13 x 4"
"student","no"
"teacher","not really but both of these equations are related to our final problem you are going to be solving multiplication clusters after we do this activity so we re going to do it together as a class with this example then you re going to go back to your seats or your groups your partners and you re going to work together to solve your own sets and then you re going to make a poster so that s the whole big picture and we re going to figure out how to solve this equation what s 13 x 2 student m"
"student","26"
"teacher","13 x 4 student k"
"student","52"
"teacher","3 x 8 student k or a"
"student","24"
"teacher","what s a way you could solve this in your head quickly what s one of the strategies we ve been using or you ve used in third grade maybe what could you do"
"student","skip count"
"teacher","that s a great suggestion you could skip count so student k or a skip count in your head"
"student","24"
"teacher","24 good girl and then we have this one 12 x 8 student f"
"student","98"
"teacher","96 so now what we have are these four equations solved they re our clusters so how can we use these clusters each one of these to help us solve 13 x 8 we could use them as what student l"
"student","you could double 13 x 4"
"teacher","13 x 4 we could double it why"
"student","because 4 4 8"
"teacher","4 4 8 good job so 13 x 4 we can start with that add another 13 x 4 and we know that equals"
"student","52"
"teacher","52 52 52 is"
"multiple students","104"
"teacher","104 so that s one way we can use this to double that s an awesome job noticing that 4 is half of 8 or 8 is double of 4 what s another starter you could use student b"
"student","12 x 8 and then you have to add one more 8"
"teacher","why why do you have to add one more 8"
"student","because it s 12 x 8 and if you add one more 8 it will turn into 13 x 8"
"teacher","so 96 plus 8 equals"
"student","104"
"teacher","how could you use one of the other starters student j"
"student","since the number s 13 x 8 the 3 is already inaudible so you just do 10 x 8"
"teacher","you just do 10 x 8 because 3 10 is"
"student","13"
"teacher","and what s 10 x 8"
"multiple students","80"
"student","80 24 104"
"teacher","how could i use this one now remember before you say your next thing it doesn t always have to be two steps it can be more than two steps"
"student","13 x 4"
"teacher","do you know 13 x 4"
"student","52"
"student","it s a double inaudible"
"teacher","oh my goodness student a i m sad that you didn t raise your hand but i m excited about what you just said and what did you just say"
"student","inaudible doubles"
"teacher","it s a double so all you have to do is do 26 26 and you d get 52 but are we there yet"
"student","no"
"teacher","no so what do you need to do so we ve done 13 x 4 13 x 2 we need to do another one student a"
"student","15 x 4"
"teacher","you re over but you re on the right track student m"
"student","inaudible"
"teacher","do another 13 x 2 26 and we know 26 plus 26 equals what"
"student","52"
"teacher","and 52 plus 52 equals"
"multiple students","104"
"teacher","so what is our answer 13 x 8 equals what"
"student","104"
"teacher","104 so when you go back and work on your own you re going to solve just what s in blue for each one but then in your poster you re going to choose one of these solutions to solve 13 x 8 so which one do you want to choose"
"multiple students","12 x 8"
"teacher","let s choose 3 x 8 okay so you re going to have on your poster at the top you re going to have a final problem just like i have here and then you re going to use one of your strategies so we re going to do 3 x 8 equals can you see student g when i do this can you see"
"student","no"
"teacher","no so why don t you move back 3 x 8 equals what student g"
"student","3 x 8 24"
"teacher","equals 24 what s the next step we have to do student r"
"student","10 x 8"
"teacher","10 x 8 equals"
"student","80"
"teacher","24 plus 80 equals"
"multiple students","104"
"teacher","so you re going to do this and then remember when we were doing large equations and we used parentheses we re going to do that again so you re also going to need 13 x 8 3 x 8 10 x 8 that s 24 80 so you re going to write your big equation and then student j you re going to draw it out as an array how many can draw this out as an array if i have 8 and 13 i have to do what to it what do i have to do to make this up here here"
"student","inaudible"
"teacher","well yeah i need to make two different arrays we don t need to do all the little squares because that s going to take us way too long but what can i do to make 3 and 10 appear on here student r do you want to help her"
"student","you re going to cut threes inaudible"
"teacher","yes you re going to cut it so you re going to go across like this up here is my 10 down here is my 3 8 x 10"
"multiple students","80"
"teacher","8 x 3 are there any questions on how to do this"
"multiple students","no"
"teacher","so what we re giving you when you go back to your seats and you pull out page 57 and 58 they give you the four ways to start it you re going to choose one way to start and solve it on your poster there are six sets there s set a b c d e and f there are six sets we have nine groups so there can be some repeats so when i call you back to your seats you re going to whip out page 57 and 58 and then i m going to tell you which set you re going to work on yes student a"
"student","are we going to work with our partners"
"teacher","you re going to work with your partners so student a you and student j are going to work on set a on page 57 go back to your seats take out page 57 student n and student g you re going to work on set b on page 57 rip it all the way out student f and m you are going to work on set c remember to scoot the furniture you are supposed to be sitting there student j and m work on set d student e and m you re going to work on set e student m and b you re going to work on set inaudible student d and c you re going to work on set a and student t you re going to work on set c and student k you re going to work on set inaudible"
"student","we re going to work on set d students all working on their own lots of noise teacher going around helping students individually inaudible"
"teacher","student r inaudible not in the behavior right now so i m going to ask that you and student k go back to table 1 and work separately over there"
"teacher","let s see what you ve got for me so now you have 32 x 8 equals now are you going to have two sets of parentheses so you do 32 times inaudible plus 32 times 2 is that 32 x 8 no so you re going to need to inaudible and then your array inaudible use these to break up your array just like i broke up the array 4 x 43 and then when you guys finish that you can go on to do set d on the back now yours perfect 630 plus 63 can you do it using the equations 63 x 11 equals so what is inaudible"
"student","inaudible"
"teacher","don t forget to break up your array this is 63 and this is 11 how did you break it up oh my goodness there s so much going on here we re going to have five more minutes to work on these because we re going to have our conduct celebration at 2 00"
"multiple students","cheering"
"teacher","did i ask you to do set e"
"student","you asked us to do set e"
"teacher","make sure you put your names on your posters and then come join me on the rug i m waiting 5 4 3 2 1 everyone should be on the rug right now that took us way way way too long to get settled when you made your posters i m very interested that they re done neatly but some of you are letting the colors of your markers go crazy so from now on two colors and that s it"
"student","i only did one"
"teacher","two or one one is better i don t have a hundred colors going on it distracts you and then you leave some out and poor student m thank you for cleaning all those up so now let s wrap this up who had set a raise your hands perfect you re each going to take a turn presenting so student k and student s present your poster tell us how you solved your poster so what was your equation oh i m sorry some people are being extremely rude"
"student","4 x 43"
"teacher","4 x 43 how did you solve 4 x 43 student k"
"student","inaudible"
"teacher","all right now show everyone why did you choose 2 x 43 to start"
"student","because you double the 2 and it equals 4"
"teacher","you double the 2 and it equals 4 fantastic and 86 plus 86 equals"
"student","172"
"teacher","172 so 4 x 43 equals"
"student","172"
"teacher","172 fantastic student a and j did you start with 2 x 43 as well"
"student","yes"
"teacher","okay then let me just see yours they did the same thing set e who has set e to start okay student n and g you explain to everyone how you started"
"student","50 x 6 equals 300"
"teacher","50 x 6 equals 300"
"student","8 x 6 equals 48"
"teacher","student j and j leave your poster 8 x 6 48 so 300 plus 48 equals"
"student","348"
"teacher","so 58 x 6 equals what student g"
"student","58 x 6 inaudible"
"teacher","what does it equal what does your main problem equal you can inaudible what does it equal 348 set c who worked on set c okay students b and k can you explain to the class how you solved this so what s your problem that you re solving"
"student","32 x 8"
"teacher","32 x 8 and you started with 30 x 8 what s 30 x 8"
"student","240"
"teacher","240 then what did you do student b"
"student","8 x 2"
"teacher","8 x 2 and what does that equal"
"student","16 then you add inaudible"
"teacher","and what is your total"
"student","256"
"teacher","256 good job and now student m and f you started and you did it a little differently didn t you how did you start"
"student","we started 32 x 2 64"
"teacher","32 x 2 64 and then what did you do"
"student","then we did it again three more times"
"teacher","you did it again three more times so you did 32 x 2 four times why did you do it four times"
"student","because it was easier inaudible"
"teacher","you could double it but why four times why four times"
"student","because 32 x 2 64"
"teacher","so you have 32 x 2 64 but why did you do it 4 times student r"
"student","because they split 8 in fours"
"teacher","they split 8 into 4 groups 4 x 2 8 good job set d who did set d student j and j what was the equation you were solving"
"student","63 x 11"
"teacher","63 x 11 and how did you break up 63 x 11"
"student","we did 63 x 10 is 630"
"teacher","and then what did you do student m"
"student","63 x 1 63"
"teacher","so what s your total"
"student","693"
"teacher","693 fantastic so do you all see that so now we re on to set e who had set e student m explain yours maybe you did yours differently"
"student","25 x 12"
"teacher","and how did you do it"
"student","25 x 6 150"
"teacher","why did you choose 25 x 6 why did you guys choose that one"
"student","it s easier to start with"
"teacher","it s easier to start with but why is it easier why is it a good spot to start why didn t you start with 10 x 12 or why didn t you start with 5 x 12 i know you know that one right off the top of your head why did you start with 25 x 6"
"student","inaudible"
"teacher","and so what did you do to the 25 x 6 to get 25 x 12"
"student","20 x 10"
"teacher","you did 20 x 10 so you broke it down even further but what could you have done 25 x 6 is"
"student","150"
"teacher","150 and then 150 plus 150 is"
"student","300"
"teacher","300 so 25 x 6 is half of 25 x 12 you always want to look for your halves and your doubles it makes things easier student r did you do yours the same way student g"
"student","inaudible"
"teacher","what s the one you re solving"
"student","76 x 5"
"teacher","76 x 5 so you started with 70 x 5 and that equals"
"student","350"
"teacher","and how did you know it was 350"
"student","because 7 x 5 35"
"teacher","7 x 5 35 and when you re multiplying 7 x 5 you re doing 7 x 5 once and when you re doing 7 x 50 you re doing 7 x 5 tens so you just add your zero at the end and then what did you do with 70 x 5"
"student","5 x 6 30"
"teacher","5 x 6 30 so what s your answer"
"student","380"
"teacher","380 fantastic and student r and k when they got their problem they automatically went to the breaking up method which is fine it s going to give you the same answers these cluster problems is one way to solve big multiplication problems breaking apart the two digits is another way we re learning in this unit different strategies in multiplication to find the answers your homework tonight is going to be page 59 and 60 i want for you to go back to your seat put your cluster problems in your math folder inaudible your homework and start writing them down"
