706 II Students,,,Link,,Link,
Static Codes,,Temporal Codes,,Raw Transcript (Generic),,Raw Transcript (Temporal Prompt)
Prompt: What are some potential themes you could identify in these teacher's orientation about mathematics / students / their interaction ,,Prompt: These orientations are in temporal order from a lesson transcript. Can you develop the themes keeping in mind of how these orientations shift over time?,,Prompt: The pasted document shows a classroom interaction between a teacher and a group of students. What are some potential themes you could identify in from these transcripts on teacher's orientation about students' mathematical ability?,,Prompt: The pasted document shows a classroom interaction between a teacher and a group of students. What are some potential themes you could identify in from these transcripts on teacher's orientation about students' mathematical ability? Can you develop the themes keeping in mind of how these orientations shift over time?
Comment: ,,Comment: ,,Comment: ,,Comment: 
Student Agency and Ownership,,Community and Prior Experience as Foundation,,"Belief in Contextual, Real-World Learning",,"Ability as Developable Through Scaffolding, Not Fixed"
"A recurring pattern is positioning students as authors and creators rather than passive receivers. Phrases like ""it's your problem, so you make it how you want it,"" ""you decide,"" and ""that's your job"" frame mathematical work as genuinely belonging to students. This is notably consistent across representation tasks, story-writing, and problem construction.",,"The lesson opens by positioning students as a collective with shared history — ""friends,"" holders of prior experience, workers at varied paces. The teacher is establishing relational ground before mathematical ground. Notably, the very first tension appears almost immediately: students are positioned as holders of prior experience, but then quickly repositioned as ""recipients of a preferred checking method"" with the teacher as authority. This early wobble between student-as-knower and teacher-as-authority foreshadows a tension that runs through the whole lesson.",,"The teacher consistently frames math as meaningful and applicable, repeatedly connecting fractions to real-world scenarios — cooking, painting, gas tanks, field trips. The teacher explicitly addresses the common student complaint (""how am I gonna use this in the real world?"") by treating word problems as ""mini stories,"" suggesting a belief that students grasp abstract concepts better when anchored in lived experience.",,"The teacher consistently operates from a growth-oriented stance, treating mathematical understanding as something students can reach with the right support. Rather than telling students they are wrong and moving on, she layers her support:

""I showed you the cups, like a cup of cheese... you're just drawing a container and cut into fourths.""

She revisits concrete manipulatives and prior experiences to bridge gaps, suggesting she views confusion as a scaffold gap rather than an ability ceiling. This orientation stays remarkably stable throughout the lesson — she never dismisses a struggling student as incapable, even late in the period when time pressure mounts."
Scaffolding Through Prior Experience,,Procedural Authority and Keyword Logic,,"Scaffolded, Incremental Competence-Building",,An Early Emphasis on Procedural Correctness That Gradually Softens
"The teacher repeatedly activates shared classroom history as a resource — referencing previous problems, prior strategies, and past representational work. Students are positioned as already holding relevant knowledge that can be reactivated, rather than approaching tasks as blank slates.",,"The middle-early section shows a notably more directive, procedural orientation. Students become ""keyword-identifiers,"" ""procedural followers,"" ""textual evidence-locators."" The teacher narrates algorithmic steps with students in a confirmatory role. Crucially, a student's initial reasoning (""how much more"") is redirected without engagement with its logic — the most explicit instance in the transcript of student thinking being bypassed rather than built upon. Student error is dismissed without elaboration. Praise is tied to finding the correct keyword.

This section feels like a distinct pedagogical register — more transmission-oriented — and sits in sharpest contrast with what comes later. It may reflect a particular mathematical content moment (likely a word problem operation-identification task) where the teacher's orientation shifts toward efficiency and correctness.",,"Rather than simply correcting errors, the teacher walks students through reasoning step by step — for example, working through the hat-wearing fraction problem by drawing on the board, counting aloud, and narrating each operation. This reflects a view that students can reach correct answers when given structured support, not that some students simply ""can't do math.""",,"In the opening phase, the teacher is primarily concerned with whether students can execute fraction operations correctly — finding LCMs, converting, simplifying. The interactions are evaluative:

""How do you know that you're done with this?""... ""7's prime and 7 cannot divide into 8, so you know you're finished.""

She reinforces procedural justification and rewards students who can articulate the logic. Mathematical ability here is implicitly measured by procedural fluency.
However, as the lesson transitions into the word-problem creation task, her orientation shifts meaningfully toward valuing mathematical sense-making and contextual reasoning. She begins rewarding the quality of a student's story structure and observational thinking, not just their arithmetic."
"Tension Between Procedural and Conceptual Orientations

",,Pressing for Justification,,"Growth-Oriented, Rather Than Fixed, View of Ability",,Real-World Application as a Democratizing Force
"There's a visible tension in the document. Some moments position students as ""procedural followers"" or ""keyword-identifiers,"" where success means locating the right word or executing an algorithm. Other moments position them as ""mathematical reasoners"" or ""justifiers"" who are pressed for explanation beyond the answer. These two orientations sit somewhat uncomfortably alongside each other.
",,"A shift begins when students are repositioned as ""mathematical justifiers"" — the teacher presses beyond the answer toward reasoning. Importantly, a student's logic about prime numbers is amplified and publicly affirmed, which contrasts sharply with the earlier dismissal of student reasoning. This moment feels like a hinge point — the teacher moves from confirming procedures to genuinely engaging with student mathematical thinking.",,"The teacher uses incentives (""if you come up with the right answer, I'll move you all to blue"") and challenges students to go further than required — for instance, asking students to convert seven-eighths of an hour into actual minutes. This suggests the teacher sees student ability as expandable rather than fixed, and deliberately pushes the ceiling of what students are expected to do.",,"A notable mid-lesson pivot occurs when the teacher introduces the photograph activity. Here, her orientation toward ability becomes more inclusive and pluralistic. Students who may have struggled with fraction procedures now have a legitimate entry point through observation and storytelling:

""Fractions are all about parts of a whole... You guys have pumpkins. You could talk about round ones versus fat ones. You guys have buildings — short ones versus tall ones.""

She implicitly signals that mathematical ability includes perceptual and narrative skills, not just computation. This is a significant shift: ability is being redistributed across more students by broadening what counts as mathematical thinking."
Behavioral Incentive Framing,,Representation and Extended Problem-Solving,,Valuing Mathematical Language and Reasoning Over Rote Answers,,Orientation Toward Precision Coexisting With Creative Latitude
Engagement with extended or challenging tasks is occasionally framed through external rewards — appearing at least twice. This sits in tension with the otherwise strong emphasis on intrinsic ownership and creative agency.,,"Students are now positioned as builders on their own prior work, capable of going further than required, motivated toward challenge. Behavioral incentives appear here — twice — which is interesting. The external reward framing seems to emerge precisely when the teacher is asking students to extend beyond the set task. It suggests that while the teacher values deeper engagement, she isn't fully confident intrinsic motivation will carry students there, so she supplements it with status/reward framing. This is a subtle but revealing tension.

The measurement/conversion section introduces students as ""receivers of new information"" while simultaneously acknowledging possible prior knowledge (""if you remember""). The mnemonic tools suggest a pragmatic, memory-scaffold orientation to this content specifically.",,"The teacher repeatedly asks how students know something, not just what the answer is — ""How do you know that you're done with this?"" and ""Show me in the actual problem where you know that it's addition."" This reflects an orientation that mathematical thinking is a communicable, teachable skill rather than an innate talent.",,"The teacher holds a persistent tension throughout: she values mathematical exactness while simultaneously encouraging imaginative freedom. This tension is most visible when she cautions against approximation:

""If you're doing word problems, doing approximates is probably not a good idea... your answer has to be exact.""

Yet in the very same activity she tells students their picture doesn't need to match reality precisely:

""The facts do not have to necessarily be the exact same as your picture. You see what I'm saying? Just make sure your facts are straight in your story.""

This reveals an evolving orientation — she is trying to hold mathematical rigor and creative agency together, suggesting she sees strong mathematical thinkers as people who can be both precise and generative. Over the course of the lesson, she leans increasingly toward creative latitude as student engagement rises."
"Narrative as Mathematical Bridge
",,"Authorship, Ownership, and Narrative",,Student Agency in Problem Construction,,Narrative Competence as a Mathematical Competence
"Students' storytelling and literacy knowledge is treated as a genuine resource for mathematical thinking, not a distraction from it. Popular culture references (Bob the Builder), home contexts (burrito-making), and student names embedded in problems all suggest mathematics is positioned as culturally embedded rather than abstract.",,"A substantial and sustained shift occurs as the lesson moves into word problem creation. The orientation toward students changes markedly and somewhat durably. Students become ""story-makers,"" ""narrative thinkers,"" ""mathematical authors,"" ""data collectors,"" ""co-constructors."" The language of ownership becomes explicit and repeated — ""it's your problem,"" ""you decide,"" ""whatever you want,"" ""that's your job.""

This section also shows the richest moment of cultural responsiveness — the burrito-making reference, popular culture (Bob the Builder), student names embedded in problems. Mathematics is repositioned as emerging from student experience rather than being delivered to students.

What's particularly notable temporally is that this authorship orientation doesn't simply replace directive moments — it coexists with precision corrections (""sweetheart,"" handwriting reminders) and moments where work is framed as not yet meeting standard (""incomplete versus complete""). But even these corrections are handled differently than the early keyword dismissals: reasons are explained, the student remains the active agent, and gaps are framed as drafting issues rather than wrong answers.",,"By having students create their own word problems from photographs, the teacher positions students as producers of mathematical knowledge, not just consumers. The teacher trusts students to choose their own data, characters, and scenarios — implying a belief that students are capable of mathematical creativity, not just computation.",,"Perhaps the most striking emergent orientation is the teacher's growing insistence that storytelling ability is inseparable from mathematical problem-solving. This theme builds steadily:

""Word problems are like mini stories... Stories have characters, settings.""

By the lesson's close, she is coaching students on character motivation, plot logic, and narrative coherence with the same energy she brought to fraction procedures earlier. She is effectively treating narrative intelligence as a component of mathematical ability — a position that shifts considerably from her opening procedural focus and positions a wider range of students as mathematically capable."
"Affective Register and Relationship
",,"Collaborative Reasoning and Co-Construction
",,Differentiated Expectations with Universal Access,,Synthesis: How Orientations Shift Over Time
"The teacher uses affectionate language (""sweetheart,"" ""friends""), frames gaps as shared problems (""we need""), and publicly affirms student reasoning. Errors are generally handled without public attribution. This suggests a relational orientation where emotional safety is treated as mathematically relevant.",,"Toward the lesson's end, the most dialogically rich orientations appear. The teacher ""elicits rather than tells"" repeatedly. Student contributions are named and valued explicitly (""I like your bringing more numbers into it""). Incomplete sentences invite student completion. The mathematical structure is made visible through counting and the student's own numbers are credited as the foundation (""you said"").

Critically, an incorrect answer in this phase is handled without public attribution — the teacher confirms the right answer and moves forward. Compare this to the early-middle phase where a wrong answer was simply ""dismissed without elaboration."" The handling of error has shifted.

The lesson closes with ""you have just done it"" — positioning the student as someone who has accomplished something real — and an alternative method is introduced as extension rather than correction. The class is affirmed collectively with variation acknowledged but not individualised negatively.",,"The teacher circulates and provides individualized coaching to different groups, meeting students where they are — some get basic scaffolding, others are pushed toward multi-step problems. This suggests a belief that all students can participate meaningfully in the same mathematical activity, just at different levels of depth.",,"The overall arc moves from a narrower, procedural conception of ability toward a richer, more contextualized one — with the teacher implicitly lowering barriers to participation and broadening who can demonstrate mathematical competence as the lesson progresses. This is not a planned curriculum shift so much as an organic response to student engagement, suggesting the teacher's orientations are themselves responsive and adaptive rather than fixed."
Stretching Without Redirecting,,"What Shifts, What Doesn't",,Summary,,
"Rather than dismissing student ideas, the teacher frequently builds on partial or unexpected contributions — acknowledging trajectory (""I see where you're going""), expanding what a student sees as available, or naming a contribution as valued before extending it. This positions student thinking as always having a direction worth following.",,"The temporal reading reveals something more complex than a consistent pedagogical identity. There appear to be at least two distinct orientational registers the teacher moves between:

- A transmission/procedural register most visible in the early-middle section, where efficiency, correct keywords, and algorithmic confirmation dominate
- An authorship/reasoning register that strengthens progressively through the lesson, reaching its fullest expression in the word problem creation phase

The tension isn't random — it may track the mathematical content being taught. Operation-identification tasks seem to pull the teacher toward procedural authority; open creative tasks seem to pull her toward student agency. This raises an interesting question about whether the teacher's orientation toward students is content-contingent rather than stable across the lesson.

What persists across both registers is the relational warmth and the avoidance of public shaming. What shifts is how much mathematical thinking — as opposed to mathematical doing — students are positioned as capable of and responsible for.",,"Overall, the teacher's orientation reflects an asset-based, constructivist view of mathematical ability — students are seen as capable thinkers who develop competence through storytelling, real-world connection, guided reasoning, and creative problem ownership, rather than through passive reception of procedures.",,